Name,Portfolio,Start Date,End Date,Duration,Reason for End
J. Jayalalithaa,"Chief Minister (Home, Public, Police, IAS/IPS/IFS, District Revenue, General Administration, PWD, Highways, Minor Ports, Finance, Personnel & AR)",23 May 2016,05 Dec 2016,23 May 2016 - 05 Dec 2016,Death
O. Panneerselvam,"Finance, Personnel & Administrative Reforms",23 May 2016,05 Dec 2016,23 May 2016 - 05 Dec 2016,Cabinet dissolved
Dindigul C. Sreenivasan,Forests,23 May 2016,05 Dec 2016,23 May 2016 - 05 Dec 2016,Cabinet dissolved
Edappadi K. Palaniswami,Public Works (Highways and Minor Ports),23 May 2016,05 Dec 2016,23 May 2016 - 05 Dec 2016,Cabinet dissolved
Sellur K. Raju,"Co-operation, Labour",23 May 2016,25 May 2016,23 May 2016 - 25 May 2016,Cabinet reshuffle
Sellur K. Raju,Co-operation,25 May 2016,05 Dec 2016,25 May 2016 - 05 Dec 2016,Cabinet dissolved
P. Thangamani,"Electricity, Prohibition and Excise",23 May 2016,05 Dec 2016,23 May 2016 - 05 Dec 2016,Cabinet dissolved
S. P. Velumani,"Municipal Administration, Rural Development, Special Programme Implementation",23 May 2016,05 Dec 2016,23 May 2016 - 05 Dec 2016,Cabinet dissolved
D. Jayakumar,Fisheries,23 May 2016,05 Dec 2016,23 May 2016 - 05 Dec 2016,Cabinet dissolved
C. Ve. Shanmugam,"Law, Courts and Prisons",23 May 2016,05 Dec 2016,23 May 2016 - 05 Dec 2016,Cabinet dissolved
K. P. Anbalagan,Higher Education,23 May 2016,05 Dec 2016,23 May 2016 - 05 Dec 2016,Cabinet dissolved
Dr. V. Saroja,"Social Welfare, Nutritious Noon Meal Programme",23 May 2016,05 Dec 2016,23 May 2016 - 05 Dec 2016,Cabinet dissolved
M. C. Sampath,Industries,23 May 2016,05 Dec 2016,23 May 2016 - 05 Dec 2016,Cabinet dissolved
K. C. Karuppannan,Environment,23 May 2016,05 Dec 2016,23 May 2016 - 05 Dec 2016,Cabinet dissolved
R. Kamaraj,"Food, Civil Supplies, HR&CE",23 May 2016,25 May 2016,23 May 2016 - 25 May 2016,Cabinet reshuffle
R. Kamaraj,"Food, Civil Supplies",25 May 2016,05 Dec 2016,25 May 2016 - 05 Dec 2016,Cabinet dissolved
O. S. Manian,Handlooms and Textiles,23 May 2016,05 Dec 2016,23 May 2016 - 05 Dec 2016,Cabinet dissolved
Udumalai K. Radhakrishnan,Housing and Urban Development,23 May 2016,05 Dec 2016,23 May 2016 - 05 Dec 2016,Cabinet dissolved
C. Vijayabhaskar,Health and Family Welfare,23 May 2016,05 Dec 2016,23 May 2016 - 05 Dec 2016,Cabinet dissolved
S. P. Shanmuganathan,Milk and Dairy Development,23 May 2016,16 Feb 2017,23 May 2016 - 16 Feb 2017,Dropped from cabinet
Kadambur C. Raju,Information and Publicity,23 May 2016,05 Dec 2016,23 May 2016 - 05 Dec 2016,Cabinet dissolved
R. B. Udhayakumar,Revenue,23 May 2016,07 Aug 2019,23 May 2016 - 07 Aug 2019,Cabinet reshuffle
K. T. Rajenthra Bhalaji,Rural Industries,23 May 2016,05 Dec 2016,23 May 2016 - 05 Dec 2016,Cabinet dissolved
K. C. Veeramani,Commercial Taxes,23 May 2016,05 Dec 2016,23 May 2016 - 05 Dec 2016,Cabinet dissolved
P. Benjamin,"School Education, Sports, Youth Welfare",23 May 2016,16 Feb 2017,23 May 2016 - 16 Feb 2017,Dropped from cabinet
V. M. Rajalakshmi,Adi Dravidar and Tribal Welfare,23 May 2016,05 Dec 2016,23 May 2016 - 05 Dec 2016,Cabinet dissolved
S. Valarmathi,Backward Classes and Minority Welfare,23 May 2016,05 Dec 2016,23 May 2016 - 05 Dec 2016,Cabinet dissolved
Dr. M. Manikandan,Information Technology,23 May 2016,07 Aug 2019,23 May 2016 - 07 Aug 2019,Cabinet reshuffle
P. Balakrishna Reddy,Animal Husbandry,25 May 2016,07 Jan 2019,25 May 2016 - 07 Jan 2019,Resignation
G. Baskaran,Khadi and Village Industries Board,25 May 2016,05 Dec 2016,25 May 2016 - 05 Dec 2016,Cabinet dissolved
S. Ramachandran,"Hindu Religious, Charitable Endowments",25 May 2016,31 Oct 2020,25 May 2016 - 31 Oct 2020,Death
O. Panneerselvam,"Chief Minister (Finance, Home, Public, Police, IAS/IPS/IFS, District Revenue, GA, Legislative Assembly, Elections, PWD, Highways, Minor Ports, Personnel & AR)",06 Dec 2016,15 Feb 2017,06 Dec 2016 - 15 Feb 2017,Change of Chief Minister
Pandiarajan,"School Education, Youth Welfare and Sports Development",06 Dec 2016,16 Feb 2017,06 Dec 2016 - 16 Feb 2017,Cabinet reshuffle
Dindigul C. Sreenivasan,Forests,06 Dec 2016,07 May 2021,06 Dec 2016 - 07 May 2021,Government term ended
Edappadi K. Palaniswami,"Public Works, Highways and Minor Ports",06 Dec 2016,07 May 2021,06 Dec 2016 - 07 May 2021,Government term ended
Sellur K. Raju,Co-operation,06 Dec 2016,07 May 2021,06 Dec 2016 - 07 May 2021,Government term ended
P. Thangamani,"Electricity, Prohibition and Excise",06 Dec 2016,07 May 2021,06 Dec 2016 - 07 May 2021,Government term ended
S. P. Velumani,Municipal Administration and Rural Development,06 Dec 2016,07 May 2021,06 Dec 2016 - 07 May 2021,Government term ended
D. Jayakumar,Fisheries,06 Dec 2016,07 May 2021,06 Dec 2016 - 07 May 2021,Government term ended
C. Ve. Shanmugam,"Law, Courts and Prisons",06 Dec 2016,07 May 2021,06 Dec 2016 - 07 May 2021,Government term ended
K. P. Anbalagan,Higher Education,06 Dec 2016,31 Oct 2020,06 Dec 2016 - 31 Oct 2020,Cabinet reshuffle
K. P. Anbalagan,Higher Education and Agriculture,31 Oct 2020,07 May 2021,31 Oct 2020 - 07 May 2021,Government term ended
Dr. V. Saroja,"Social Welfare, Nutritious Noon Meal Programme",06 Dec 2016,07 May 2021,06 Dec 2016 - 07 May 2021,Government term ended
M. C. Sampath,Industries,06 Dec 2016,07 May 2021,06 Dec 2016 - 07 May 2021,Government term ended
K. C. Karuppannan,Environment,06 Dec 2016,07 May 2021,06 Dec 2016 - 07 May 2021,Government term ended
R. Kamaraj,Food and Civil Supplies,06 Dec 2016,07 May 2021,06 Dec 2016 - 07 May 2021,Government term ended
O. S. Manian,Handlooms and Textiles,06 Dec 2016,07 May 2021,06 Dec 2016 - 07 May 2021,Government term ended
Udumalai K. Radhakrishnan,Housing and Urban Development,06 Dec 2016,07 May 2021,06 Dec 2016 - 07 May 2021,Government term ended
C. Vijayabhaskar,Health and Family Welfare,06 Dec 2016,07 May 2021,06 Dec 2016 - 07 May 2021,Government term ended
R. Doraikkannu,Agriculture,06 Dec 2016,31 Oct 2020,06 Dec 2016 - 31 Oct 2020,Death
Kadambur C. Raju,Information and Publicity,06 Dec 2016,07 May 2021,06 Dec 2016 - 07 May 2021,Government term ended
R. B. Udhayakumar,Revenue,06 Dec 2016,07 Aug 2019,06 Dec 2016 - 07 Aug 2019,Cabinet reshuffle
Vellamandi N. Natarajan,Tourism,06 Dec 2016,07 May 2021,06 Dec 2016 - 07 May 2021,Government term ended
K. C. Veeramani,Commercial Taxes,06 Dec 2016,07 May 2021,06 Dec 2016 - 07 May 2021,Government term ended
K. T. Rajenthra Bhalaji,Milk and Dairy Development,06 Dec 2016,07 May 2021,06 Dec 2016 - 07 May 2021,Government term ended
P. Benjamin,Rural Industries,16 Feb 2017,07 May 2021,16 Feb 2017 - 07 May 2021,Government term ended
Dr. Nilofer Kafeel,Labour,16 Feb 2017,30 Apr 2021,16 Feb 2017 - 30 Apr 2021,Government term ended
M. R. Vijayabhaskar,Transport,16 Feb 2017,07 May 2021,16 Feb 2017 - 07 May 2021,Government term ended
Dr. M. Manikandan,Information Technology,16 Feb 2017,07 Aug 2019,16 Feb 2017 - 07 Aug 2019,Cabinet reshuffle
V. M. Rajalakshmi,Adi Dravidar and Tribal Welfare,16 Feb 2017,07 May 2021,16 Feb 2017 - 07 May 2021,Government term ended
G. Baskaran,Khadi and Village Industries Board,16 Feb 2017,07 May 2021,16 Feb 2017 - 07 May 2021,Government term ended
S. Ramachandran,Hindu Religious and Charitable Endowments,16 Feb 2017,31 Oct 2020,16 Feb 2017 - 31 Oct 2020,Death
S. Valarmathi,Backward Classes and Minority Welfare,16 Feb 2017,07 May 2021,16 Feb 2017 - 07 May 2021,Government term ended
M. K. Stalin,"Home, Public, General Administration, All IAS Cadres, District Revenue, Elections, Special Programme (Differently-abled)",07 May 2021,30 Apr 2026,07 May 2021 - 30 Apr 2026,Government term ended
Durai Murugan,"Water Resources (Irrigation, Mines)",07 May 2021,08 May 2025,07 May 2021 - 08 May 2025,Cabinet reshuffle
Durai Murugan,Water Resources and Law,08 May 2025,30 Apr 2026,08 May 2025 - 30 Apr 2026,Government term ended
Ma. Subramanian,Health and Family Welfare,07 May 2021,30 Apr 2026,07 May 2021 - 30 Apr 2026,Government term ended
P. Sekar Babu,Hindu Religious and Charitable Endowments,07 May 2021,30 Apr 2026,07 May 2021 - 30 Apr 2026,Government term ended
Palanivel Thiagarajan,Finance,7 May 2021,10 May 2023,7 May 2021 – 10 May 2023,Cabinet reshuffle
Palanivel Thiagarajan,Information Technology and Digital Services,7 May 2021,10 May 2023,7 May 2021 – 10 May 2023,Government term ended
Anbil Mahesh Poyyamozhi,School Education,11 May 2023,5 May 2026,11 May 2023 – 5 May 2026,Government term ended
V. Senthil Balaji,"Electricity, Prohibition and Excise",07 May 2021,16 June 2023,7 May 2021 – 16 June 2023,Cabinet reshuffle
V. Senthil Balaji,"Electricity, Prohibition and Excise",28 September 2024,27 April 2025,28 September 2024 – 27 April 2025,Resignation
K. Ponmudy,Forests,07 May 2021,27 Apr 2025,07 May 2021 - 27 Apr 2025,Resignation
K. N. Nehru,Municipal Administration,07 May 2021,30 Apr 2026,07 May 2021 - 30 Apr 2026,Government term ended
I. Periyasamy,Co-operation,07 May 2021,30 Apr 2026,07 May 2021 - 30 Apr 2026,Government term ended
E. V. Velu,Public Works,07 May 2021,30 Apr 2026,07 May 2021 - 30 Apr 2026,Government term ended
M. R. K. Panneerselvam,Agriculture and Farmers' Welfare,07 May 2021,30 Apr 2026,07 May 2021 - 30 Apr 2026,Government term ended
K. K. S. S. R. Ramachandran,Revenue,07 May 2021,30 Apr 2026,07 May 2021 - 30 Apr 2026,Government term ended
Thangam Thennarasu,Industries,07 May 2021,10 May 2023,7 May 2021 – 10 May 2023,Cabinet reshuffle
Thangam Thennarasu,Electricity,16 June 2023,28 September 2024,16 June 2023 – 28 September 2024,Cabinet reshuffle
Thangam Thennarasu,"Finance, Human Resources Management",11 May 2023,30 Apr 2026,11 May 2023 – 5 May 2026,Government term ended
S. Regupathy,Law,07 May 2021,08 May 2025,07 May 2021 - 08 May 2025,Cabinet reshuffle
S. Regupathy,Minerals and Natural Resources,08 May 2025,30 Apr 2026,08 May 2025 - 30 Apr 2026,Government term ended
K. R. Periakaruppan,Rural Development,07 May 2021,30 Apr 2026,07 May 2021 - 30 Apr 2026,Government term ended
T. M. Anbarasan,Rural Industries,07 May 2021,30 Apr 2026,07 May 2021 - 30 Apr 2026,Government term ended
M. P. Saminathan,Information and Publicity,07 May 2021,30 Apr 2026,07 May 2021 - 30 Apr 2026,Government term ended
P. Geetha Jeevan,Social Welfare and Women Empowerment,07 May 2021,30 Apr 2026,07 May 2021 - 30 Apr 2026,Government term ended
S. Muthusamy,Housing,07 May 2021,5 May 2026,07 May 2021 - 5 May 2026,Government term ended
S. Muthusamy,Prohibition & Excise,16 June 2023,28 September 2024,16 June 2023 – 28 September 2024,Cabinet reshuffle
Anita R. Radhakrishnan,Fisheries,07 May 2021,30 Apr 2026,07 May 2021 - 30 Apr 2026,Government term ended
S. R. Rajakannappan,Transport,07 May 2021,27 Apr 2025,07 May 2021 - 27 Apr 2025,Cabinet reshuffle
S. R. Rajakannappan,Forests,27 Apr 2025,30 Apr 2026,27 Apr 2025 - 30 Apr 2026,Government term ended
C. V. Ganesan,Labour Welfare,07 May 2021,30 Apr 2026,07 May 2021 - 30 Apr 2026,Government term ended
T. Mano Thangaraj,Information Technology,07 May 2021,10 May 2023,07 May 2021 - 10 May 2023,Cabinet reshuffle
T. Mano Thangaraj,Milk and Dairy Development,11 May 2023,28 September 2024,11 May 2023 – 28 September 2024,Cabinet reshuffle
T. Mano Thangaraj,Milk and Dairy Development,28 April 2025,5 May 2026,28 April 2025 – 5 May 2026,Government term ended
M. Mathiventhan,Tourism,7 May 2021,14 December 2022,7 May 2021 – 14 December 2022,Cabinet reshuffle
M. Mathiventhan,Forests,14 December 2022,28 September 2024,14 December 2022 – 28 September 2024,Cabinet reshuffle
M. Mathiventhan,Adi Dravidar and Tribal Welfare,28 September 2024,5 May 2026,28 September 2024 – 5 May 2026,Government term ended
N. Kayalvizhi,Adidravidar Welfare,07 May 2021,28 September 2024,7 May 2021 – 28 September 2024,Cabinet reshuffle
N. Kayalvizhi,Human Resources,28 September 2024,5 May 2026,28 September 2024 – 5 May 2026,Government term ended